[
    {
        "Enterprise": "Enterprise1",
        "States": [
            {
                "name": "State1",
                "location":[
                    {
                        "name":"location1",
                        "gateway":[
                            {
                                "name":"gateway1",
                                "optimizer":[
                                    {
                                        "name":"optimizer1"
                                    },
                                    {
                                        "name":"optimizer2"
                                    }
                                ]
                            },
                            {
                                "name":"gateway2",
                                "optimizer":[
                                    {
                                        "name":"optimizer3"
                                    },
                                    {
                                        "name":"optimizer4"
                                    }
                                ]
                            }
                        ]
                    },
                    {
                        "name":"location2",
                        "gateway":[
                            {
                                "name":"gateway3",
                                "optimizer":[
                                    {
                                        "name":"optimizer5"
                                    },
                                    {
                                        "name":"optimizer6"
                                    }
                                ]
                            },
                            {
                                "name":"gateway4",
                                "optimizer":[
                                    {
                                        "name":"optimizer7"
                                    },
                                    {
                                        "name":"optimizer8"
                                    }
                                ]
                            }
                        ]
                    }
                ]
            },
            {
                "name": "State2",
                "location":[
                    {
                        "name":"location3",
                        "gateway":[
                            {
                                "name":"gateway5",
                                "optimizer":[
                                    {
                                        "name":"optimizer9"
                                    },
                                    {
                                        "name":"optimizer10"
                                    }
                                ]
                            },
                            {
                                "name":"gateway6",
                                "optimizer":[
                                    {
                                        "name":"optimizer11"
                                    },
                                    {
                                        "name":"optimizer12"
                                    }
                                ]
                            }
                        ]
                    },
                    {
                        "name":"location4",
                        "gateway":[
                            {
                                "name":"gateway7",
                                "optimizer":[
                                    {
                                        "name":"optimizer13"
                                    },
                                    {
                                        "name":"optimizer14"
                                    }
                                ]
                            },
                            {
                                "name":"gateway8",
                                "optimizer":[
                                    {
                                        "name":"optimizer15"
                                    },
                                    {
                                        "name":"optimizer16"
                                    }
                                ]
                            }
                        ]
                    }
                ]
            }
        ]
    }
]